,PETR4.SA,BBDC4.SA,SPY,TLT
PETR4.SA,1.0,0.23618481511317546,0.27577837082014917,0.04845656895825599
BBDC4.SA,0.23618481511317546,1.0,0.2723263200683973,0.10585621392876336
SPY,0.27577837082014917,0.2723263200683973,1.0,0.1100510621293565
TLT,0.04845656895825599,0.10585621392876336,0.1100510621293565,1.0
